"attachment_id","image_path"
"38","2015/10/original_logo-4.png"
"39","2015/10/world-map-background1_0.jpg"
"64","2019/01/vneck-tee-2.jpg"
"65","2019/01/vnech-tee-green-1.jpg"
"66","2019/01/vnech-tee-blue-1.jpg"
"67","2019/01/hoodie-2.jpg"
"68","2019/01/hoodie-blue-1.jpg"
"69","2019/01/hoodie-green-1.jpg"
"70","2019/01/hoodie-with-logo-2.jpg"
"71","2019/01/tshirt-2.jpg"
"72","2019/01/beanie-2.jpg"
"73","2019/01/belt-2.jpg"
"74","2019/01/cap-2.jpg"
"75","2019/01/sunglasses-2.jpg"
"76","2019/01/hoodie-with-pocket-2.jpg"
"77","2019/01/hoodie-with-zipper-2.jpg"
"78","2019/01/long-sleeve-tee-2.jpg"
"79","2019/01/polo-2.jpg"
"80","2019/01/album-1.jpg"
"81","2019/01/single-1.jpg"
"82","2019/01/t-shirt-with-logo-1.jpg"
"83","2019/01/beanie-with-logo-1.jpg"
"84","2019/01/logo-1.jpg"
"85","2019/01/pennant-1.jpg"
"4","2019/07/woocommerce-placeholder.png"
"86","2019/07/music-c.png"
"87","2019/07/hod.png"
"88","2019/07/decor.png"
"89","2019/07/tshirt.png"
"90","2019/07/clothing.png"
"91","2019/07/cap.png"
"509","2019/07/p1.jpg"
"512","2019/07/p2.jpg"
"515","2019/07/p3.jpg"
"547","2019/07/payment.png"
"550","2019/07/almiara-logo.png"
"581","2019/07/sl.jpg"
"593","2019/07/ribbon-background.png"
"600","2019/07/pre.gif"
"604","2019/07/slidb.jpg"
"623","2019/07/star.png"
"10","2022/01/banner1.jpg"
"11","2022/01/banner2-e1650545186526.jpg"
"12","2022/01/banner3-e1650544999781.jpg"
"21","2022/01/banner1a.jpg"
"37","2022/01/log_file_2022-01-06__12-23-07.txt"
"52","woocommerce-placeholder.png"
"63","2022/01/log_file_2022-01-10__11-07-41.txt"
"663","2022/01/ribbon-background.png"
"665","2022/01/banner1a-1.jpg"
"666","2022/01/banner2-1.jpg"
"667","2022/01/banner1a-2-e1645631127766.jpg"
"685","2022/01/samarth.jpg"
"712","2022/01/logo.png"
"763","audio/z_trak_kalyan_kari_ramraya.mp3"
"764","audio/sukhakarta.mp3"
"765","audio/shlok_99_watve.mp3"
"766","audio/shlok_98_watve.mp3"
"767","audio/shlok_97_watve.mp3"
"768","audio/shlok_96_watve.mp3"
"769","audio/shlok_95_watve.mp3"
"770","audio/shlok_94_watve.mp3"
"771","audio/shlok_93_watve.mp3"
"772","audio/shlok_92_watve.mp3"
"773","audio/shlok_91_watve.mp3"
"774","audio/shlok_90_watve.mp3"
"775","audio/shlok_89_watve.mp3"
"776","audio/shlok_88_watve.mp3"
"777","audio/shlok_87_watve.mp3"
"778","audio/shlok_86_watve.mp3"
"779","audio/shlok_85_watve.mp3"
"780","audio/shlok_84_watve.mp3"
"781","audio/shlok_83_watve.mp3"
"782","audio/shlok_82_watve.mp3"
"783","audio/shlok_81_watve.mp3"
"784","audio/shlok_80_watve.mp3"
"785","audio/shlok_79_watve.mp3"
"786","audio/shlok_78_watve.mp3"
"787","audio/shlok_77_watve.mp3"
"788","audio/shlok_76_watve.mp3"
"789","audio/shlok_75_watve.mp3"
"790","audio/shlok_74_watve.mp3"
"791","audio/shlok_73_watve.mp3"
"792","audio/shlok_72_watve.mp3"
"793","audio/shlok_71_watve.mp3"
"794","audio/shlok_70_watve.mp3"
"795","audio/shlok_69_watve.mp3"
"796","audio/shlok_68_watve.mp3"
"797","audio/shlok_67_watve.mp3"
"798","audio/shlok_66_watve.mp3"
"799","audio/shlok_65_watve.mp3"
"800","audio/shlok_64_watve.mp3"
"801","audio/shlok_63_watve.mp3"
"802","audio/shlok_62_watve.mp3"
"803","audio/shlok_61_watve.mp3"
"804","audio/shlok_60_watve.mp3"
"805","audio/shlok_59_watve.mp3"
"806","audio/shlok_58_watve.mp3"
"807","audio/shlok_57_watve.mp3"
"808","audio/shlok_56_watve.mp3"
"809","audio/shlok_55_watve.mp3"
"810","audio/shlok_54_watve.mp3"
"811","audio/shlok_53_watve.mp3"
"812","audio/shlok_52_watve.mp3"
"813","audio/shlok_51_watve.mp3"
"814","audio/shlok_50_watve.mp3"
"815","audio/shlok_49_watve.mp3"
"816","audio/shlok_48_watve.mp3"
"817","audio/shlok_47_watve.mp3"
"818","audio/shlok_46_watve.mp3"
"819","audio/shlok_45_watve.mp3"
"820","audio/shlok_44_watve.mp3"
"821","audio/shlok_43_watve.mp3"
"822","audio/shlok_42_watve.mp3"
"823","audio/shlok_41_watve.mp3"
"824","audio/shlok_40_watve.mp3"
"825","audio/shlok_39_watve.mp3"
"826","audio/shlok_38_watve.mp3"
"827","audio/shlok_37_watve.mp3"
"828","audio/shlok_36_watve.mp3"
"829","audio/shlok_35_watve.mp3"
"830","audio/shlok_34_watve.mp3"
"831","audio/shlok_33_watve.mp3"
"832","audio/shlok_32_watve.mp3"
"833","audio/shlok_31_watve.mp3"
"834","audio/shlok_30_watve.mp3"
"835","audio/shlok_29_watve.mp3"
"836","audio/shlok_28_watve.mp3"
"837","audio/shlok_27_watve.mp3"
"838","audio/shlok_26_watve.mp3"
"839","audio/shlok_25_watve.mp3"
"840","audio/shlok_24_watve.mp3"
"841","audio/shlok_23_watve.mp3"
"842","audio/shlok_22_watve.mp3"
"843","audio/shlok_21_watve.mp3"
"844","audio/shlok_20_watve.mp3"
"845","audio/shlok_19_watve.mp3"
"846","audio/shlok_18_watve.mp3"
"847","audio/shlok_187_watve.mp3"
"848","audio/shlok_186_watve.mp3"
"849","audio/shlok_185_watve.mp3"
"850","audio/shlok_184_watve.mp3"
"851","audio/shlok_183_watve.mp3"
"852","audio/shlok_182_watve.mp3"
"853","audio/shlok_181_watve.mp3"
"854","audio/shlok_17_watve.mp3"
"855","audio/shlok_179_watve.mp3"
"856","audio/shlok_178_watve.mp3"
"857","audio/shlok_177_watve.mp3"
"858","audio/shlok_176_watve.mp3"
"859","audio/shlok_175_watve.mp3"
"860","audio/shlok_174_watve.mp3"
"861","audio/shlok_173_watve.mp3"
"862","audio/shlok_172_watve.mp3"
"863","audio/shlok_171_watve.mp3"
"864","audio/shlok_170_watve.mp3"
"865","audio/shlok_16_watve.mp3"
"866","audio/shlok_169_watve.mp3"
"867","audio/shlok_168_watve.mp3"
"868","audio/shlok_167_watve.mp3"
"869","audio/shlok_166_watve.mp3"
"870","audio/shlok_165_watve.mp3"
"871","audio/shlok_164_watve.mp3"
"872","audio/shlok_163_watve.mp3"
"873","audio/shlok_162_watve.mp3"
"874","audio/shlok_161_watve.mp3"
"875","audio/shlok_160_watve.mp3"
"876","audio/shlok_15_watve.mp3"
"877","audio/shlok_159_watve.mp3"
"878","audio/shlok_158_watve.mp3"
"879","audio/shlok_157_watve.mp3"
"880","audio/shlok_156_watve.mp3"
"881","audio/shlok_155_watve.mp3"
"882","audio/shlok_154_watve.mp3"
"883","audio/shlok_153_watve.mp3"
"884","audio/shlok_152_watve.mp3"
"885","audio/shlok_151_watve.mp3"
"886","audio/shlok_150_watve.mp3"
"887","audio/shlok_14_watve.mp3"
"888","audio/shlok_149_watve.mp3"
"889","audio/shlok_148_watve.mp3"
"890","audio/shlok_147_watve.mp3"
"891","audio/shlok_146_watve.mp3"
"892","audio/shlok_145_watve.mp3"
"893","audio/shlok_144_watve.mp3"
"894","audio/shlok_143_watve.mp3"
"895","audio/shlok_142_watve.mp3"
"896","audio/shlok_141_watve.mp3"
"897","audio/shlok_140_watve.mp3"
"898","audio/shlok_13_watve.mp3"
"899","audio/shlok_139_watve.mp3"
"900","audio/shlok_138_watve.mp3"
"901","audio/shlok_137_watve.mp3"
"902","audio/shlok_136_watve.mp3"
"903","audio/shlok_135_watve.mp3"
"904","audio/shlok_134_watve.mp3"
"905","audio/shlok_132_watve.mp3"
"906","audio/shlok_131_watve.mp3"
"907","audio/shlok_130_watve.mp3"
"908","audio/shlok_12_watve.mp3"
"909","audio/shlok_129_watve.mp3"
"910","audio/shlok_128_watve.mp3"
"911","audio/shlok_127_watve.mp3"
"912","audio/shlok_123to126_watve.mp3"
"913","audio/shlok_11_watve.mp3"
"914","audio/shlok_116to122_watve.mp3"
"915","audio/shlok_115_watve.mp3"
"916","audio/shlok_114_watve.mp3"
"917","audio/shlok_113_watve.mp3"
"918","audio/shlok_112_watve.mp3"
"919","audio/shlok_111_watve.mp3"
"920","audio/shlok_10_watve.mp3"
"921","audio/shlok_108_109_110_watve.mp3"
"922","audio/shlok_107_watve.mp3"
"923","audio/shlok_106_watve.mp3"
"924","audio/shlok_105_watve.mp3"
"925","audio/shlok_104_watve.mp3"
"926","audio/shlok_103_watve.mp3"
"927","audio/shlok_102_watve.mp3"
"928","audio/shlok_101_watve.mp3"
"929","audio/shlok_100_watve.mp3"
"930","audio/shlok_09_watve.mp3"
"931","audio/shlok_08_watve.mp3"
"932","audio/shlok_07_watve.mp3"
"933","audio/shlok_06_watve.mp3"
"934","audio/shlok_05_watve.mp3"
"935","audio/shlok_04_watve.mp3"
"936","audio/shlok_03_watve.mp3"
"937","audio/shlok_02_watve.mp3"
"938","audio/shlok_01_watve.mp3"
"939","audio/shankarachi_arti.mp3"
"940","audio/samarthanchi_kavya_shrushti_-by_sunil_chincholkar.mp3"
"941","audio/samarthanchi_karunashtake_by_chaitanya_maharaj_-part4.mp3"
"942","audio/samarthanchi_karunashtake_by_chaitanya_maharaj_-part3.mp3"
"943","audio/samarthanchi_karunashtake_by_chaitanya_maharaj_-part2.mp3"
"944","audio/samarthanchi_karunashtake_by_chaitanya_maharaj_-part1.mp3"
"945","audio/samarthanche_rashtra_dharma_by_prabhakar_pujari.mp3"
"946","audio/samarthanche_atmaram_by_kalyanitai_namjoshi_part2.mp3"
"947","audio/samarthanche_atmaram_by_kalyanitai_namjoshi_part1.mp3"
"948","audio/samarthancha_sohambodh_-by_makarandnath.mp3"
"949","audio/samartha_sadhana_sau_maya_joshi_sodi_sansarachi_aas08.mp3"
"950","audio/samartha_sadhana_sau_maya_joshi_peerat_lagi_re_bhajan03.mp3"
"951","audio/samartha_sadhana_sau_maya_joshi_lavuniya_lochana_bhajan02.mp3"
"952","audio/samartha_sadhana_sau_maya_joshi_gurupadaravinda_bhajan05.mp3"
"953","audio/samartha_sadhana_sau_maya_joshi_guna_kaya_re_bhajan06.mp3"
"954","audio/samartha_sadhana_sau_maya_joshi_abhedi_bhed_na_jane_bhajan04.mp3"
"955","audio/samartha_sadhana_sau_maya_joshi07.mp3"
"956","audio/samartha_sadhana_sau_maya_joshi01.mp3"
"957","audio/samartha_ramdas_mgmt_guru_by_shrinivas_rairikar.mp3"
"958","audio/samarth_charitra.mp3"
"959","audio/s_bhosale.mp3"
"960","audio/ram_arti.mp3"
"961","audio/part9_dashak5_samas3.mp3"
"962","audio/part8_dashak5_samas1.mp3"
"963","audio/part7_dashak1_samas1.mp3"
"964","audio/part6_dashak1_samas1.mp3"
"965","audio/part5_dashak1_samas1.mp3"
"966","audio/part50_dashak5_samas3.mp3"
"967","audio/part4_dashak1_samas1.mp3"
"968","audio/part49_dashak5_samas3.mp3"
"969","audio/part48_dashak5_samas3.mp3"
"970","audio/part47_dashak5_samas3.mp3"
"971","audio/part46_dashak5_samas2.mp3"
"972","audio/part45_dashak5_samas2.mp3"
"973","audio/part44_dashak5_samas2.mp3"
"974","audio/part43_dashak5_samas2.mp3"
"975","audio/part42_dashak5_samas1.mp3"
"976","audio/part41_dashak4_samas9.mp3"
"977","audio/part40_dashak4_samas8.mp3"
"978","audio/part3_dashak1_samas1.mp3"
"979","audio/part39_dashak4_samas8.mp3"
"980","audio/part38_dashak4_samas6.mp3"
"981","audio/part37_dashak4_samas4.mp3"
"982","audio/part36_dashak4_samas2.mp3"
"983","audio/part35_dashak4_samas1.mp3"
"984","audio/part34_dashak3_samas10.mp3"
"985","audio/part33_dashak3_samas10.mp3"
"986","audio/part32_dashak3_samas10.mp3"
"987","audio/part31_dashak3_samas10.mp3"
"988","audio/part30_dashak3_samas10.mp3"
"989","audio/part2_dashak1_samas1.mp3"
"990","audio/part29_dashak2_samas10.mp3"
"991","audio/part28_dashak2_samas9.mp3"
"992","audio/part27_dashak2_samas9.mp3"
"993","audio/part26_dashak2_samas9.mp3"
"994","audio/part25_dashak2_samas8.mp3"
"995","audio/part24_dashak2_samas8.mp3"
"996","audio/part23_dashak2_samas8.mp3"
"997","audio/part22_dashak2_samas5.mp3"
"998","audio/part21_dashak2_murkha_lakshan.mp3"
"999","audio/part20_dashak1_samas9.mp3"
"1000","audio/part1_dashak1_samas1.mp3"
"1001","audio/part19_dashak1_samas9.mp3"
"1002","audio/part18_dashak1_samas9.mp3"
"1003","audio/part17_dashak1_samas6.mp3"
"1004","audio/part16_dashak1_samas5.mp3"
"1005","audio/part15_dashak1_samas5.mp3"
"1006","audio/part14_dashak1_samas5.mp3"
"1007","audio/part13_dashak1_samas5.mp3"
"1008","audio/part12_dashak5_samas3.mp3"
"1009","audio/part11_dashak5_samas3.mp3"
"1010","audio/part10_dashak5_samas3.mp3"
"1011","audio/navavidha_bhakti_4.mp3"
"1012","audio/navavidha_bhakti_3.mp3"
"1013","audio/navavidha_bhakti_2.mp3"
"1014","audio/navavidha_bhakti_1.mp3"
"1015","audio/mujaffar_husain.mp3"
"1016","audio/manua_mere_1to115shlok.mp3"
"1017","audio/manua_mere_116to205shlok.mp3"
"1018","audio/manache_shlok_-dr_sushamatai_watve4.mp3"
"1019","audio/manache_shlok_-dr_sushamatai_watve3.mp3"
"1020","audio/manache_shlok_-dr_sushamatai_watve2.mp3"
"1021","audio/manache_shlok_-dr_sushamatai_watve1.mp3"
"1022","audio/manache_shlok.mp3"
"1023","audio/krushna_mai_arti.mp3"
"1024","audio/komalwacha.mp3"
"1025","audio/karunastake.mp3"
"1026","audio/kalyan_kari.mp3"
"1027","audio/hanuman_arti.mp3"
"1028","audio/guru_tatva_bhag_22.mp3"
"1029","audio/guru_tatva_bhag_21.mp3"
"1030","audio/guru_tatva_bhag_12.mp3"
"1031","audio/guru_tatva_bhag_11.mp3"
"1032","audio/duf_geet.mp3"
"1033","audio/dasnavami_dasbodh_adhava2.mp3"
"1034","audio/dasnavami_dasbodh_adhava1.mp3"
"1035","audio/dainandin_upasana2.mp3"
"1036","audio/dainandin_upasana1.mp3"
"1037","audio/dada_jadhav.mp3"
"1038","audio/cm_pravachane_02_new.mp3"
"1039","audio/cm_pravachane_01_new.mp3"
"1040","audio/bhimrupi.mp3"
"1041","audio/acharya_dharmendraji.mp3"
"1042","audio/a_trak_shriram_chandra_karuna.mp3"
"1043","audio/Vicharun-Bole.mp3"
"1044","2022/02/Vicharun-Bole-mp3-image.jpg"
"1045","audio/Vaseh-Rudayi-Dev-To.mp3"
"1046","audio/Tute-Vaad-Sanvaad.mp3"
"1047","audio/Tinhilok-Jethun.mp3"
"1048","audio/Samrtha-Chiya-Sevaka.mp3"
"1049","audio/Sadasarvada-Sajjana-Che.mp3"
"1050","audio/Sadasarvada-Ram-Sannidhahe.mp3"
"1051","audio/Prabhate-Mani-Ram.mp3"
"1052","audio/Phookache-Mukhi.mp3"
"1053","audio/Nakore-Mana-Krodhha.mp3"
"1054","audio/Nabhi-Vaavare-Jo.mp3"
"1055","audio/Mukhi-Ram-Tya.mp3"
"1056","audio/Mhane-Janata-To-Jani.mp3"
"1057","audio/Manachi-Shate-Aikata-Dosh-Jati.mp3"
"1058","audio/Mana-Shreshth-Dharishthya.mp3"
"1059","audio/Mana-Sang-Ha-Sarv-Sangaas-Todi.mp3"
"1060","audio/Mana-Sajjana-Bhakti-Panthechi-Jave.mp3"
"1061","audio/Mana-Goojare-Tooj-He-Prapta-Jhale.mp3"
"1062","audio/Krami-Vel-Jo.mp3"
"1063","audio/Komalvacha.mp3"
"1064","audio/Komalvacha-Vidya-Vaibhav.mp3"
"1065","audio/Komalvacha-Tadruptta.mp3"
"1066","audio/Komalvacha-Prabhanda.mp3"
"1067","audio/Komalvacha-Pavan.mp3"
"1068","audio/Komalvacha-Brahmanaubhav.mp3"
"1069","audio/Kari-Vrutti-Jo-Sant.mp3"
"1070","audio/Jay-Jay-Raghuveer-Samarth.mp3"
"1071","audio/Jani-Vaad-Vevaad.mp3"
"1072","audio/Jani-Sarvsukhi.mp3"
"1073","audio/Jani-Bhojani.mp3"
"1074","audio/Ghanashyam-Ha.mp3"
"1075","audio/Ganadheesh-Jo.mp3"
"1076","audio/Dehe-Tyagita.mp3"
"1077","audio/Ase-Ho-Jaya.mp3"
"1078","audio/Dr Swarnalata Bhishikar/manache-shlok-205.mp3"
"1079","audio/Dr Swarnalata Bhishikar/manache-shlok-204.mp3"
"1080","audio/Dr Swarnalata Bhishikar/manache-shlok-203.mp3"
"1081","audio/Dr Swarnalata Bhishikar/manache-shlok-202.mp3"
"1082","audio/Dr Swarnalata Bhishikar/manache-shlok-201.mp3"
"1083","audio/Dr Swarnalata Bhishikar/manache-shlok-200.mp3"
"1084","audio/Dr Swarnalata Bhishikar/manache-shlok-199.mp3"
"1085","audio/Dr Swarnalata Bhishikar/manache-shlok-198.mp3"
"1086","audio/Dr Swarnalata Bhishikar/manache-shlok-197.mp3"
"1087","audio/Dr Swarnalata Bhishikar/manache-shlok-196.mp3"
"1088","audio/Dr Swarnalata Bhishikar/manache-shlok-195.mp3"
"1089","audio/Dr Swarnalata Bhishikar/manache-shlok-194.mp3"
"1090","audio/Dr Swarnalata Bhishikar/manache-shlok-193.mp3"
"1091","audio/Dr Swarnalata Bhishikar/manache-shlok-192.mp3"
"1092","audio/Dr Swarnalata Bhishikar/manache-shlok-191.mp3"
"1093","audio/Dr Swarnalata Bhishikar/manache-shlok-190.mp3"
"1094","audio/Dr Swarnalata Bhishikar/manache-shlok-189.mp3"
"1095","audio/Dr Swarnalata Bhishikar/manache-shlok-188-.mp3"
"1096","audio/Dr Swarnalata Bhishikar/manache-shlok-187-.mp3"
"1097","audio/Dr Swarnalata Bhishikar/manache-shlok-186-.mp3"
"1099","literature/yuvakancheramdas.pdf"
"1100","literature/ya_samarthas_samarth_kiti_mhanoni_mhanave_vinayak_parab.doc"
"1101","literature/vyavasthapanacha_mahamantra.pdf"
"1102","literature/vinobanche_samarthsmaran.pdf"
"1103","literature/vidyarthyancheramdas.pdf"
"1104","literature/title_man_ki_ankhe_khol.pdf"
"1105","literature/teachings_of_dasbodh.pdf"
"1106","literature/tai.pdf"
"1107","literature/swaminche_english_charitra.pdf"
"1108","literature/swadhyay_for_pravesh.pdf"
"1109","literature/sushmatai_shraddhanjali.pdf"
"1110","literature/soliv_sukh.pdf"
"1111","literature/smrutigranth_dhule.pdf"
"1112","literature/sindhi_dasbodh_sind.pdf"
"1113","literature/shrimat_dasbodh_sankshipt.pdf"
"1114","literature/shrimad_dasbodh.ppt"
"1115","literature/shree_samarthancha_sevabhav.pdf"
"1116","literature/sant_vangmay_shree_samarth_vangmayache_mahatv.doc"
"1117","literature/sanskrut_manache_shlok.pdf"
"1118","literature/sanket_kubadi.pdf"
"1119","literature/samarthanchi_smrutisthane2.pdf"
"1120","literature/samarthanchi_smrutisthane1.pdf"
"1121","literature/samarthanchi_karunashtake_marutibua_ramdasi.doc"
"1122","literature/samarthanchi-smruti-sthale.pdf"
"1123","literature/samarthanchee_bharude.pdf"
"1124","literature/samarthancha_prapanchbodh_old.pdf"
"1125","literature/samarthancha_prapanchbodh.pdf"
"1126","literature/samarthakrupechi_vachane.pdf"
"1127","literature/samarthakatha.pdf"
"1128","literature/samartha_sanskrit_ekankika_sansk.pdf"
"1129","literature/samartha_prarthana_eng.pdf"
"1130","literature/samartha_lokneta.pdf"
"1131","literature/samarth_ramdas_news.pdf"
"1132","literature/samarth_ramdas_charitra.doc"
"1133","literature/samarth-bodhamrit_hin.pdf"
"1134","literature/samana_lekh.pdf"
"1135","literature/samajik_karyakarta_ke_gun.pdf"
"1136","literature/samagra_granth_part2.pdf"
"1137","literature/samagra_granth_part1.pdf"
"1138","literature/sajjangad_pani_prashn_news11may2011.pdf"
"1139","literature/sajjangad_masik_oct2010.pdf"
"1142","literature/sajjangad_masik_nov2011.pdf"
"1143","literature/sajjangad_masik_may2011.pdf"
"1145","literature/sajjangad_masik_jan2011.pdf"
"1146","literature/sajjangad_masik_dec2010.pdf"
"1147","literature/rashtraguru_marathi.pdf"
"1148","literature/rashtraguru_hindi.pdf"
"1149","literature/ramdastukaram.pdf"
"1150","literature/ramdas_eng2.pdf"
"1151","audio/dasbodh_vachan_audio/das20-sam06-10.mp3"
"1152","audio/dasbodh_vachan_audio/das20-sam01-05.mp3"
"1153","audio/dasbodh_vachan_audio/das19-sam06-10.mp3"
"1154","audio/dasbodh_vachan_audio/das19-sam01-05.mp3"
"1155","audio/dasbodh_vachan_audio/das18-sam06-10.mp3"
"1156","audio/dasbodh_vachan_audio/das18-sam01-05.mp3"
"1157","audio/dasbodh_vachan_audio/das17-sam06-10.mp3"
"1158","audio/dasbodh_vachan_audio/das17-sam01-05.mp3"
"1159","audio/dasbodh_vachan_audio/das16-sam06-10.mp3"
"1160","audio/dasbodh_vachan_audio/das16-sam01-05.mp3"
"1161","audio/dasbodh_vachan_audio/das15-sam06-10.mp3"
"1162","audio/dasbodh_vachan_audio/das15-sam01-05.mp3"
"1163","audio/dasbodh_vachan_audio/das14-sam06-10.mp3"
"1164","audio/dasbodh_vachan_audio/das14-sam01-05.mp3"
"1165","audio/dasbodh_vachan_audio/das13-sam06-10.mp3"
"1166","audio/dasbodh_vachan_audio/das13-sam01-05.mp3"
"1167","audio/dasbodh_vachan_audio/das12-sam06-10.mp3"
"1168","audio/dasbodh_vachan_audio/das12-sam01-05.mp3"
"1169","audio/dasbodh_vachan_audio/das11-sam06-10.mp3"
"1170","audio/dasbodh_vachan_audio/das11-sam01-05.mp3"
"1171","audio/dasbodh_vachan_audio/das10-sam06-10.mp3"
"1172","audio/dasbodh_vachan_audio/das10-sam01-05.mp3"
"1173","audio/dasbodh_vachan_audio/das09-sam06-10.mp3"
"1174","audio/dasbodh_vachan_audio/das09-sam01-05.mp3"
"1175","audio/dasbodh_vachan_audio/das08-sam06-10.mp3"
"1176","audio/dasbodh_vachan_audio/das08-sam01-05.mp3"
"1177","audio/dasbodh_vachan_audio/das07-sam06-10.mp3"
"1178","audio/dasbodh_vachan_audio/das07-sam01-05.mp3"
"1179","audio/dasbodh_vachan_audio/das06-sam06-10.mp3"
"1180","audio/dasbodh_vachan_audio/das06-sam01-05.mp3"
"1181","audio/dasbodh_vachan_audio/das05-sam06-10.mp3"
"1182","audio/dasbodh_vachan_audio/das05-sam01-05.mp3"
"1183","audio/dasbodh_vachan_audio/das04-sam06-10.mp3"
"1184","audio/dasbodh_vachan_audio/das04-sam01-05.mp3"
"1185","audio/dasbodh_vachan_audio/das03-sam06-10.mp3"
"1186","audio/dasbodh_vachan_audio/das03-sam01-05.mp3"
"1187","audio/dasbodh_vachan_audio/das02-sam06-10.mp3"
"1188","audio/dasbodh_vachan_audio/das02-sam01-05.mp3"
"1189","audio/dasbodh_vachan_audio/das01-sam06-10.mp3"
"1190","audio/dasbodh_vachan_audio/das01-sam01-05.mp3"
"1191","audio/dasbodh_vachan_audio/Sankirn.xls"
"1192","literature/ramdas_eng1.pdf"
"1193","literature/ramdas_eng.pdf"
"1194","literature/ram_mantrache_shlok.pdf"
"1195","literature/raghuveer_samarth_masik_sept2012.pdf"
"1196","literature/raghuveer_samarth_masik_oct2012.pdf"
"1197","literature/raghuveer_samarth_masik_oct2010.pdf"
"1198","literature/raghuveer_samarth_masik_nov2011.pdf"
"1199","literature/raghuveer_samarth_masik_nov2010.pdf"
"1200","literature/raghuveer_samarth_masik_may2012.pdf"
"1201","literature/raghuveer_samarth_masik_mar2012.pdf"
"1202","literature/raghuveer_samarth_masik_jun2012.pdf"
"1203","literature/raghuveer_samarth_masik_jul2012.pdf"
"1204","literature/raghuveer_samarth_masik_jan2012.pdf"
"1205","literature/raghuveer_samarth_masik_dec2011.pdf"
"1206","literature/raghuveer_samarth_masik_dec2010.pdf"
"1207","literature/raghuveer_samarth_masik_aug2012.pdf"
"1208","literature/raghuveer_samarth_masik_apr2012.pdf"
"1209","literature/raghuveer_samarth_masik_Nov2012.pdf"
"1210","literature/pra_ke_atre.pdf"
"1211","literature/paduka_daura_seva_mandal.pdf"
"1212","literature/paduka_daura_of_sansthan.pdf"
"1213","literature/padavi_varacha_dasbodh.pdf"
"1214","literature/nirgudkar_30sept2011.pdf"
"1215","literature/nirgudkar_29july2011.pdf"
"1216","literature/nirgudkar_29april2011.pdf"
"1217","literature/nirgudkar_27may2011.pdf"
"1218","literature/nirgudkar_26august2011.pdf"
"1219","literature/nirgudkar_24june2011.pdf"
"1220","literature/nirgudkar_23sept2011.pdf"
"1221","literature/nirgudkar_22july2011.pdf"
"1222","literature/nirgudkar_21oct2011.pdf"
"1223","literature/nirgudkar_20may2011.pdf"
"1224","literature/nirgudkar_19august2011.pdf"
"1225","literature/nirgudkar_17june2011.pdf"
"1226","literature/nirgudkar_16sept2011.pdf"
"1227","literature/nirgudkar_15july2011.pdf"
"1228","literature/nirgudkar_14oct2011.pdf"
"1229","literature/nirgudkar_13may2011.pdf"
"1230","literature/nirgudkar_12august2011.pdf"
"1231","literature/nirgudkar_10june2011.pdf"
"1232","literature/nirgudkar_08july2011.pdf"
"1233","literature/nirgudkar_07oct2011.pdf"
"1234","literature/nirgudkar_06may2011.pdf"
"1235","literature/nirgudkar_05august2011.pdf"
"1236","literature/nirgudkar_03june2011.pdf"
"1237","literature/nirgudkar_01july2011.pdf"
"1238","literature/news_19March2013.pdf"
"1239","literature/news_15aug2012.pdf"
"1240","literature/mgmt_che_samarth_funde.pdf"
"1241","literature/marathi_dasbodh.doc"
"1242","literature/manua_mere.pdf"
"1243","literature/manobodh_sansk.pdf"
"1244","literature/manobodh_hin.pdf"
"1245","literature/manobodh4.pdf"
"1246","literature/manobodh3.pdf"
"1247","literature/manobodh2.pdf"
"1248","literature/manobodh1.pdf"
"1249","literature/manache_shlok_jeevanabodh.pdf"
"1250","literature/manache_shlok.pdf"
"1251","literature/man_ki_ankhe_khol.pdf"
"1252","literature/lets_start.pdf"
"1253","literature/lekhankriya_nirupan.pdf"
"1254","literature/lebenswege_german.pdf"
"1255","literature/leadership_dasbodh.pdf"
"1256","literature/leadership_ch1_eng.pdf"
"1257","literature/karunashtake.pdf"
"1258","literature/kannad_pustika.pdf"
"1259","literature/kannad_dasbodh48.pdf"
"1260","literature/kannad_dasbodh384.pdf"
"1261","literature/kalyanswami_hastakshar.pdf"
"1262","literature/hanuman_upasana_sajjangad_27_08_11.pdf"
"1263","literature/gurugeeta.pdf"
"1264","literature/geistesverse_german.pdf"
"1265","literature/english_dasbodh_sar.pdf"
"1266","literature/ek_aagla_sant_girish_kuber.doc"
"1267","literature/dr_sushamatai_cd_prakashan.pdf"
"1268","literature/dr_pathak_news.pdf"
"1269","literature/dialogue_with_mind_eng.pdf"
"1270","literature/devi_stavane.pdf"
"1271","literature/dasnavmi_visheshank2012.pdf"
"1272","literature/dasbodhatil_tatvadnyan.pdf"
"1273","literature/dasbodhachi_killi.pdf"
"1274","literature/dasbodh_title.pdf"
"1275","literature/dasbodh_suchi_programme.zip"
"1276","literature/dasbodh_nityapath.pdf"
"1277","literature/dasbodh_dashak1.pdf"
"1278","literature/dasbodh_abhyaspaddhat.pdf"
"1279","literature/dasbodh84_163.pdf"
"1280","literature/dasbodh733_796.pdf"
"1281","literature/dasbodh663_732.pdf"
"1282","literature/dasbodh607_662.pdf"
"1283","literature/dasbodh536_606.pdf"
"1284","literature/dasbodh448_535.pdf"
"1285","literature/dasbodh372_447.pdf"
"1286","literature/dasbodh285_371.pdf"
"1287","literature/dasbodh230_284.pdf"
"1288","literature/dasbodh1_83.pdf"
"1289","literature/dasbodh164_229.pdf"
"1290","literature/das_dongari_rahto_vivek_vaidya.doc"
"1291","literature/dainadin_upasana_shivthar.pdf"
"1292","literature/bhimrupi.pdf"
"1293","literature/avahan.pdf"
"1294","literature/atmarama_sunder_hattangadi.pdf"
"1295","literature/akara_maruti_mahiti.pdf"
"1296","literature/Wadekar.pdf"
"1297","literature/V-ramdas-fynal-book.pdf"
"1298","literature/Swadhyay-Manobodh.pdf"
"1299","literature/Srimad-Dasbodh.pdf"
"1300","literature/Shri_Samarth_Ramdas_article_by_Anil_Nene.pdf"
"1301","literature/Shri_Kalyan_Swami_Charitra.pdf"
"1302","literature/SangamnerNews.pdf"
"1303","literature/SamarthVyaspeeth.jpg"
"1304","literature/Samarth-Rajakaran.pdf"
"1305","literature/Sajjangadavaril_Upasana.pdf"
"1306","literature/Raghuveer-Samarth-Dec-12.pdf"
"1307","literature/May_13.pdf"
"1308","literature/Manojay.pdf"
"1309","literature/Manache-Shlok-Smarth-Ramdas-Swami.xls"
"1310","literature/KalyanSwami.pdf"
"1311","literature/June_2013.pdf"
"1312","literature/July_2013.pdf"
"1313","literature/January_2013.pdf"
"1314","literature/Gujrathi_Manache_Slok.pdf"
"1315","literature/February_2013.pdf"
"1316","literature/Dasbodh_04_04_2013.doc"
"1317","literature/Dasbodh-Text_04_04_2013.xls"
"1318","literature/Dasbodh-Text.xls"
"1319","literature/Dasbodh-Maze-Maher.pdf"
"1320","literature/Dasbodh-.doc"
"1321","literature/August-13.pdf"
"1322","literature/April-2013.pdf"
"1323","literature/4prabodh_swadhyay.pdf"
"1324","literature/4Aprabodh_bhavarth.pdf"
"1325","literature/3parichay_swadhyay.pdf"
"1326","literature/3Aparichay_bhavarth.pdf"
"1327","literature/2pravesh_swadhyay_bhavarth.pdf"
"1328","literature/1pravesh_patra.pdf"
"1331","images/yuvakanche.jpg"
"1332","images/yuvak.jpg"
"1333","images/word.jpg"
"1334","images/winzip.png"
"1335","images/vinoba_samarth.jpg"
"1336","images/vidyarthy.jpg"
"1337","images/vidyarthi.jpg"
"1338","images/varadanand_bharati.jpg"
"1339","images/thankyou2.png"
"1340","images/thankyou1.png"
"1341","images/tarun_bharat_news.jpg"
"1342","images/t9.jpg"
"1343","images/t8.jpg"
"1344","images/t7.jpg"
"1345","images/t6.jpg"
"1346","images/t56.jpg"
"1347","images/t55.jpg"
"1348","images/t54.jpg"
"1349","images/t53.jpg"
"1350","images/t52.jpg"
"1351","images/t51.jpg"
"1352","images/t50.jpg"
"1353","images/t5.jpg"
"1354","images/t49.jpg"
"1355","images/t48.jpg"
"1356","images/t47.jpg"
"1357","images/t46.jpg"
"1358","images/t45.jpg"
"1359","images/t44.jpg"
"1360","images/t43.jpg"
"1361","images/t42.jpg"
"1362","images/t41.jpg"
"1363","images/t40.jpg"
"1364","images/t4.jpg"
"1365","images/t39.jpg"
"1366","images/t38.jpg"
"1367","images/t37.jpg"
"1368","images/t36.jpg"
"1369","images/t35.jpg"
"1370","images/t34.jpg"
"1371","images/t33.jpg"
"1372","images/t32.jpg"
"1373","images/t31.jpg"
"1374","images/t30.jpg"
"1375","images/t3.jpg"
"1376","images/t29.jpg"
"1377","images/t28.jpg"
"1378","images/t27.jpg"
"1379","images/t26.jpg"
"1380","images/t25.jpg"
"1381","images/t24.jpg"
"1382","images/t23.jpg"
"1383","images/t22.jpg"
"1384","images/t21.jpg"
"1385","images/t20.jpg"
"1386","images/t2.jpg"
"1387","images/t19.jpg"
"1388","images/t18.jpg"
"1389","images/t17.jpg"
"1390","images/t16.jpg"
"1391","images/t15.jpg"
"1392","images/t14.jpg"
"1393","images/t13.jpg"
"1394","images/t12.jpg"
"1395","images/t11.jpg"
"1396","images/t10.jpg"
"1397","images/t1.jpg"
"1398","images/sushamatai1.jpg"
"1399","images/sushamatai.jpg"
"1400","images/student_ramdas.jpg"
"1401","images/sr_800_c.jpg"
"1402","images/sr_800_bw.jpg"
"1403","images/sr_400_c.jpg"
"1404","images/sr_400_bw.jpg"
"1405","images/sr_1500_c.jpg"
"1406","images/sr_1500_bw.jpg"
"1407","images/sindhi_dasbodh.jpg"
"1408","images/shridhar_swami.jpg"
"1409","images/shreemat_dasbodh.jpg"
"1410","images/samarthakrupechi_vachane.jpg"
"1411","images/samarth_katha.jpg"
"1412","images/saint_tukaram.jpg"
"1413","images/s_bhosale1.jpg"
"1414","images/s_bhosale.jpg"
"1415","images/ramdas_tukaram.jpg"
"1416","images/ramdas_temp.jpg"
"1417","images/ramdas_news1.jpg"
"1418","images/ramdas_coin.jpg"
"1419","images/ramdas.jpg"
"1420","images/rairikar.jpg"
"1421","images/ppt.jpg"
"1422","images/pdf.png"
"1423","images/paper.png"
"1424","images/paduka_news2.jpg"
"1425","images/paduka_news1.jpg"
"1426","images/p_joshi.jpg"
"1427","images/news_anilnene_thumb.jpg"
"1428","images/news_anilnene.jpg"
"1429","images/news.jpg"
"1430","images/new6__e0.gif"
"1431","images/mohan.jpg"
"1432","images/mhussain.jpg"
"1433","images/manache_shlok.jpg"
"1434","images/maharatimes_news.jpg"
"1435","images/mahajani.jpg"
"1436","images/logo_neeti.jpg"
"1437","images/logo.png"
"1438","images/lebenswege.jpg"
"1439","images/karunastak.jpg"
"1440","images/kalyanswamipdf.jpg"
"1441","images/jamb7_t.jpg"
"1442","images/jamb7-scaled.jpg"
"1443","images/jamb7-scaled.jpg"
"1444","images/jamb7-scaled.jpg"
"1445","images/jamb7-scaled.jpg"
"1447","2022/02/Excel.jpg"
"1544","2022/02/dasbodh-e1645684739218.jpg"
"1549","2022/02/audio_video.jpg"
"1550","2022/02/literature.jpg"
"1608","2022/02/chincholkar-e1645792792388.jpg"
"1616","2022/02/varadanand_bharati.jpg"
"1618","2022/02/dharmendraji.jpg"
"1621","2022/02/dadajadhav.jpg"
"1760","2022/03/Samarth_Ramdas.jpeg"
"1763","2022/03/Samarth-Ramdas.jpg"
"1935","2022/03/calendar-icon-literature.jpg"
"1936","2022/03/icon_Download-MP3.jpg"
"1937","2022/03/transparent-writer-icon-png.png"
"1938","2022/03/caphale.jpg"
"1939","2022/03/chaitanya_maharaj.jpg"
"1940","2022/03/Dr-Swarnalata-Bhishikar.jpg"
"1941","2022/03/Ramdasswami_merged.jpg"
"1942","2022/03/s_bhosale.jpg"
"1943","2022/03/shridhar_swami.jpg"
"2004","2022/04/banner_1.jpg"
"2005","2022/04/banner_2.jpg"
"2006","2022/04/banner_3.jpg"
"2008","2022/04/inner_banner.jpg"
"2061","2022/04/dasbodh_nityapath.jpg"
"2225","2022/04/audio_home.jpg"
"2226","2022/04/author_home.jpg"
"2227","2022/04/lietature_home.jpg"
"2264","2022/04/mobile_home.jpg"
"2272","2022/04/inner_banner-1.jpg"
"2293","2022/03/audio_icon.png"
"2294","2022/03/pdf-download-icon.png"
"2298","2022/04/ringtone_icon1.png"
"3132","2022/05/01.jpg"
"3133","2022/05/02.jpg"
"3134","2022/05/03.jpg"
"3135","2022/05/04.jpg"
"3285","2022/08/literature.jpg"
"3290","2022/08/literature_1.jpg"
"3313","2022/08/audio_img.jpg"
"3325","2022/08/lekhak_img.jpg"
"3333","2022/08/shridhar_swami.jpg"
"3334","2022/08/ringtones_img.jpg"
"3366","2022/08/kalyani_tai_namjoshi.jpg"
"3367","2022/08/makarandnath.jpg"
"3368","2022/08/mujaffar_husain.jpg"
"3369","2022/08/sasthan.jpg"
"3370","2022/08/shivaji_bhosale.jpg"
"3371","2022/08/shridhar_swami-1.jpg"
"3372","2022/08/shriniwas_rairikar.jpg"
"3373","2022/08/swarnalata_bhishikar.jpg"
"3374","2022/08/varadanand_bhrati.jpg"
"3375","2022/08/mohabua_ramdasi.jpg"
"3650","2022/09/lekhak_img1.jpg"
"3651","2022/09/subject_thumb.jpg"
"3652","2022/09/bhasha.jpg"
"3795","dlm_uploads/2022/09/samarth_ramdas_charitra.pdf"
"3895","dlm_uploads/2022/09/ek_aagla_sant_girish_kuber.pdf"
"3897","dlm_uploads/2022/09/das_dongari_rahto_vivek_vaidya-2.pdf"
"3901","dlm_uploads/2022/09/ya_samarthas_samarth_kiti_mhanoni_mhanave_vinayak_parab-3.pdf"
"3904","dlm_uploads/2022/09/sant_vangmay_shree_samarth_vangmayache_mahatv.pdf"
"3906","dlm_uploads/2022/09/samarthanchi_karunashtake_marutibua_ramdasi.pdf"
"3910","dlm_uploads/2022/09/August-13.pdf"
"4033","2022/09/cat_bg.png"
"4115","2022/10/download_bg.jpg"
"4154","2022/10/1-5.jpg"
"4155","2022/10/bg1.jpg"
"4156","2022/10/border.png"
"4158","2022/10/dr_dekhane.jpg"
"4159","dlm_uploads/2022/10/ya_samarthas_samarth_kiti_mhanoni_mhanave_vinayak_parab.pdf"
"4160","dlm_uploads/2022/09/das_dongari_rahto_vivek_vaidya.pdf"
"4161","dlm_uploads/2022/09/ek_aagla_sant_girish_kuber-1.pdf"
"4162","dlm_uploads/2022/09/samarthanchi_karunashtake_marutibua_ramdasi-1.pdf"
"4163","dlm_uploads/2022/09/sant_vangmay_shree_samarth_vangmayache_mahatv-1.pdf"
"4164","dlm_uploads/2022/09/ya_samarthas_samarth_kiti_mhanoni_mhanave_vinayak_parab.pdf"
"4165","dlm_uploads/2022/09/das_dongari_rahto_vivek_vaidya-1.pdf"
"4166","dlm_uploads/2022/09/sant_vangmay_shree_samarth_vangmayache_mahatv-2.pdf"
"4167","dlm_uploads/2022/09/ya_samarthas_samarth_kiti_mhanoni_mhanave_vinayak_parab-1.pdf"
"4168","dlm_uploads/2022/09/ek_aagla_sant_girish_kuber-2.pdf"
"4170","2022/09/01.png"
"4171","2022/09/02.png"
"4172","2022/09/03.png"
"4173","2022/09/04.png"
"4174","2022/09/05.png"
"4175","2022/09/06.png"
"4176","2022/09/07.png"
"4177","2022/09/08.png"
"4178","2022/09/09.png"
"4179","2022/09/10.png"
"4180","2022/09/11.png"
"4181","2022/09/12.png"
"4182","2022/09/13.png"
"4183","2022/09/14.png"
"4184","2022/09/15.png"
"4185","2022/09/16.png"
"4186","2022/09/17.png"
"4187","2022/09/18.png"
"4188","2022/09/19.png"
"4189","2022/09/20.png"
"4190","2022/09/21.png"
"4191","2022/09/22.png"
"4192","2022/09/23.png"
"4193","2022/09/24.png"
"4194","2022/09/25.png"
"4195","2022/09/26.png"
"4196","2022/09/27.png"
"4197","2022/09/28.png"
"4198","2022/09/29.png"
"4199","2022/09/30.png"
"4200","2022/09/31.png"
"4201","2022/09/32.png"
"4202","2022/09/33.png"
"4203","2022/09/34.png"
"4204","2022/09/35.png"
"4205","2022/09/36.png"
"4206","2022/09/37.png"
"4207","2022/09/38.png"
"4208","2022/09/39.png"
"4209","2022/09/40.png"
"4210","2022/09/41.png"
"4211","2022/09/42.png"
"4212","2022/09/43.png"
"4213","2022/09/44.png"
"4214","2022/09/45.png"
"4215","2022/09/46.png"
"4216","2022/09/47.png"
"4217","2022/09/48.png"
"4218","2022/09/49.png"
"4219","2022/09/50.png"
"4231","2023/05/ashok_Joshi-e1685161111566.jpeg"
